Account,Last four,Date,Description,Debit,Credit,Balance
Everyday Chequing,1111,2026-09-02,MONTHLY ACCOUNT FEE,3.95,,1996.05
Everyday Chequing,1111,2026-09-03,AB123 TFR-TO 9999999,250,,1746.05
Everyday Chequing,1111,2026-09-04,PAYROLL DEP,,1500,3246.05
Everyday Chequing,1111,2026-09-04,"COFFEE  SHOP, MAIN ST",4.5,,3241.55
Everyday Chequing,1111,2026-09-04,"COFFEE  SHOP, MAIN ST",4.5,,3237.05
Rewards Visa,2222,2026-09-25,GROCER #12,82.4,,682.40
Rewards Visa,2222,2026-09-20,PAYMENT - THANK YOU,,500,600.00
Rewards Visa,2222,2026-09-18,FUEL BAR 4410,60,,1100.00
Old Savings,3333,2026-09-30,INTEREST CREDIT,,0.42,800.42
